member_id,first_name,last_name,email,phone
1,Eric,Douglas,carolyn65@example.com,001-942-524-4569x1127
2,Tanya,Butler,ellismichael@example.org,472.231.8847
3,Martha,Leblanc,ostephens@example.org,001-666-236-7071x06491
4,Katherine,Meyer,catherine71@example.org,958-772-6443x37930
5,Darren,Bryant,phendricks@example.com,001-988-757-5684x16110
6,Kevin,Savage,jenningsnatasha@example.org,529-477-5691x7831
7,Martha,Johnston,christopherdelgado@example.com,+1-861-541-4190x44488
8,Dawn,Martinez,michaelwilliams@example.org,5568636070
9,Gary,Bridges,sanchezrichard@example.net,568-890-9524x06137
10,Melinda,Martinez,cmills@example.com,638-667-5800x46618
11,Jacob,Robinson,roypatricia@example.com,(330)326-2423
12,Martin,Wagner,lesliewright@example.com,001-633-210-0869
13,Mitchell,Dickerson,patrick54@example.org,699-828-9283
14,Jeremy,Martinez,tonyalewis@example.org,001-619-948-3215x1055
15,Jill,Franco,haileyperez@example.net,001-962-525-2865x4367
16,David,Ward,joan84@example.com,+1-869-563-4633x18258
17,Kenneth,Wilson,amanda06@example.net,991.526.5792x307
18,Daniel,Chavez,pamelagray@example.org,(452)884-5530
19,Joseph,Owen,janetallen@example.net,803-719-1320
20,Kellie,Love,tyler19@example.org,(249)491-7681
21,Ian,Turner,michellecasey@example.net,839-202-7360x59404
22,Anna,Jones,ipowell@example.net,(462)233-4391x6070
23,Heidi,Harvey,ocarr@example.com,+1-589-740-8787x6307
24,Autumn,Shelton,stewartdeborah@example.net,+1-840-836-0884
25,Barry,Burke,vallen@example.org,972.672.1234x3203
26,Todd,Ross,robbinscody@example.org,8443704142
27,Joshua,Cantrell,zyoder@example.org,(562)387-6485
28,Jacob,Mcdonald,cisneroslaura@example.com,370-500-7680x41772
29,Megan,Gray,tonyhuffman@example.net,001-562-697-4077x42508
30,Edward,Hawkins,kennethschwartz@example.org,001-588-647-1460x380
31,Richard,Horn,jennifer15@example.net,543-428-0125x714
32,Daniel,Wells,iscott@example.org,001-985-789-1766x7805
33,Michael,Wade,molinakimberly@example.org,+1-924-749-9406x004
34,Keith,York,xgarcia@example.org,001-894-951-3448x985
35,Chloe,Graves,xgreene@example.org,211-990-7657x35114
36,Natalie,Lang,lewisanna@example.org,892.752.7775
37,Logan,Martin,umeza@example.com,775.550.0098x67062
38,Robert,Jackson,rcoleman@example.org,4634059162
39,Patrick,Andersen,anguyen@example.net,7087043567
40,Patricia,Sanders,wmunoz@example.org,848.794.7551
41,Roberto,Rodgers,bullockcheyenne@example.com,378-977-7983x462
42,Debra,Bryant,harrisstephanie@example.net,214.310.4025x87616
43,Donald,Mann,wilsondaniel@example.com,521-888-2198x18203
44,Vincent,Hill,zpowell@example.org,001-971-851-1028x2004
45,Christopher,Herman,morabrian@example.com,898.880.9419
46,Ronald,Johnson,erin28@example.net,(513)857-6695x406
47,Joshua,Rodriguez,andrea86@example.com,001-757-433-2999x8147
48,Randy,Wilkinson,james43@example.net,349-400-3523x568
49,Jennifer,Robles,amyhill@example.com,400.549.2906x0611
50,Larry,Jones,susancohen@example.org,+1-532-225-3420
51,Devin,Espinoza,hrussell@example.net,776.300.7817x562
52,Kaitlin,Ramirez,michael95@example.org,596.766.2879x34873
53,Joshua,Smith,fgray@example.net,915-684-5931x75998
54,Joe,Mack,andrewwilliams@example.org,001-710-920-2659x4283
55,Sandra,Moody,katiejuarez@example.com,001-281-685-6677
56,Bruce,Adams,brentallen@example.org,841.622.3051x1736
57,Michael,Johnson,lindseymichael@example.com,938-967-2408x583
58,Amy,Alexander,hollanddouglas@example.com,6194411822
59,Sean,Hodges,ashley70@example.org,+1-536-930-0874x93789
60,Brittany,Hanna,hunter15@example.com,734-289-3690x251
61,Elizabeth,Taylor,bguzman@example.com,(611)388-4664x993
62,Kelly,Morgan,hlewis@example.com,412-812-3132x877
63,Judith,Roberts,jeffrey86@example.com,(433)564-3809x6885
64,Logan,Freeman,hamiltonkatelyn@example.com,511.748.5822x02017
65,Jasmine,Sandoval,greghuff@example.com,001-919-923-7012x964
66,Christian,Brown,garcianathan@example.com,406-200-0701x614
67,Mike,Garcia,alexander65@example.com,3042384074
68,Samuel,Austin,smithangela@example.com,207-867-5397x727
69,Tiffany,Gomez,julia88@example.com,(268)397-8588x4077
70,Raymond,Li,marthasolis@example.net,(489)511-2601
71,Annette,Soto,jackielewis@example.net,(816)503-1973
72,Christine,Morris,anne19@example.com,(935)411-5156
73,Jeffrey,Blair,crystal49@example.org,230.998.6038
74,David,Black,andreawilliamson@example.org,713-613-5592
75,Katie,Ruiz,michele79@example.com,(409)289-6179x3006
76,Sharon,Greene,mark69@example.org,418-602-4124x2210
77,Justin,Howell,martinclayton@example.com,495.933.2864
78,Shawn,Moore,brownsamuel@example.net,001-584-372-3716
79,Amber,Velez,danielconway@example.com,339.353.9969x41668
80,Douglas,Cunningham,cynthiatucker@example.org,371.579.7843x56443
81,Kara,Silva,bmartin@example.net,001-265-851-3854x258
82,Mark,Smith,zmcintyre@example.org,001-793-251-1882
83,Jesus,Washington,taylorjeffrey@example.org,001-933-917-7032
84,Carrie,Smith,omorrow@example.net,255.724.5960x65562
85,Jonathan,Jordan,anita89@example.com,392.529.2571x435
86,David,Myers,amedina@example.net,227.937.8486x89580
87,Joseph,Patrick,atkinsryan@example.org,+1-560-688-8243x4941
88,Sarah,Gonzalez,amandanixon@example.org,207.380.3696x56494
89,Brandon,Roberts,michaelfrank@example.com,+1-545-467-3120x82061
90,Maxwell,Osborne,mezastephanie@example.net,001-314-647-0776x7739
91,Peggy,Harrison,katherine55@example.org,9639272376
92,Holly,Andrade,susan25@example.net,891-935-9681x616
93,Valerie,Peters,hansonraymond@example.org,617.699.6013
94,Juan,Griffin,christopherhernandez@example.com,(726)688-4633x99144
95,Anthony,Preston,greendaniel@example.org,001-281-878-1587x616
96,Arthur,Phillips,johnchavez@example.org,001-388-979-0141x89402
97,Luke,Rodriguez,brianmorgan@example.org,6268114577
98,Gabrielle,Mayer,claytonyoung@example.net,443.768.2528
99,Juan,Watson,william00@example.net,+1-831-737-2766
100,Maria,Reynolds,adamgreen@example.org,001-685-733-8804
101,Sarah,Johnson,megan60@example.org,927.234.3289x6110
102,Kelsey,Beard,wademary@example.org,001-356-324-1477x7758
103,Alan,Patel,dianamcdonald@example.com,(407)848-8571x210
104,Kenneth,Gregory,uowens@example.com,808.940.6853x8641
105,Jennifer,Young,steven95@example.net,530.410.5287
106,Cindy,Williams,plynch@example.net,353.710.4472x5746
107,Kristin,Williams,nathanlam@example.org,446.237.4905
108,Matthew,Norman,medinamatthew@example.net,5964212426
109,Jennifer,Pacheco,william19@example.org,001-477-342-4057x089
110,Mark,Cooper,ghancock@example.com,001-690-292-1247x8374
111,Courtney,Lester,yolandahicks@example.com,001-533-230-4540
112,James,Whitaker,scottpearson@example.com,4853526815
113,Tammy,Fitzgerald,xalexander@example.org,547-204-1098x52024
114,Robert,Nelson,mbutler@example.org,511.751.7400
115,Michael,Wheeler,lowezachary@example.org,410.616.5393x9045
116,Anthony,Ellis,ygalloway@example.org,+1-708-640-1174x546
117,Brian,Steele,smora@example.com,001-475-526-5872x974
118,Charlotte,Johnson,meyerssuzanne@example.net,001-574-812-2735x89062
119,Margaret,Dean,mdavis@example.net,246.581.5401x05501
120,Brandon,Smith,victoriagarcia@example.com,715-989-1067
121,Amanda,Flores,howelljeffery@example.com,529-318-8436
122,Jennifer,Taylor,ybrown@example.org,001-736-811-7348x6992
123,Alexander,Johnson,schultzchad@example.com,881-754-6937x7529
124,Kelly,Savage,nelsonchristopher@example.net,666-856-4985x4795
125,Kristen,Smith,bradshawrobert@example.com,209-849-1989
126,Victoria,Brown,matthewhicks@example.org,529.222.1977x58788
127,Daniel,Holmes,gonzalezsean@example.net,+1-923-376-6745
128,Christine,Becker,rpacheco@example.net,+1-636-211-1257
129,Richard,Harrington,nelliott@example.net,001-941-884-1185x4474
130,Jackie,Anderson,gmiller@example.com,001-567-929-2016x759
131,Michael,Oconnor,debbie00@example.org,791-390-3965x1545
132,Randy,Morales,harperkatherine@example.net,(938)771-9024x792
133,Nicholas,Nguyen,austinanna@example.com,581-311-8552x4971
134,Heather,Hernandez,qgarcia@example.com,5876745035
135,Bradley,Brown,brian79@example.net,570.432.1883x325
136,Mitchell,Reed,jwilliams@example.com,(583)564-8482
137,Kathy,Mcguire,derekcarey@example.org,+1-586-898-5152
138,Juan,Price,cindywoodard@example.com,721.511.4845
139,Kevin,Evans,jennifer38@example.org,915-877-7398x238
140,Holly,Mays,meganhunter@example.org,(414)296-4648x001
141,Charles,Wilson,autumnrobinson@example.org,001-806-679-9793x75663
142,Charlene,Hamilton,ybates@example.net,(896)333-1909
143,Michael,Stokes,harrisandrew@example.com,7737619668
144,Anthony,Robinson,ylopez@example.com,(227)249-8105x4903
145,Sydney,Cervantes,ibonilla@example.net,704.712.3542
146,Anthony,Hines,cvaldez@example.com,(638)947-3587
147,Jose,Holmes,popesarah@example.net,(722)993-7263
148,Christine,Nelson,scott35@example.net,(411)670-5661x165
149,Teresa,Randolph,emilysullivan@example.com,238-419-7563x6806
150,Ashley,Howell,joseph09@example.net,983.678.4571
151,Chase,Hebert,ericdoyle@example.org,456-711-4422x062
152,Glenn,Mullins,davidray@example.org,+1-238-241-6648
153,Kimberly,Sanchez,jacksontroy@example.net,001-440-245-1725x5518
154,Michael,Price,erinwright@example.net,001-456-811-2497x200
155,Megan,Ramirez,kevinallen@example.org,311-394-4398x56485
156,Vincent,Hines,rnelson@example.com,+1-381-426-8970x4267
157,Marilyn,Bruce,mware@example.org,448-285-6319x231
158,Holly,Estrada,christopherclayton@example.com,2278036871
159,Gabrielle,Murray,johnsonkimberly@example.net,731-579-9050x61254
160,Katie,Saunders,mguzman@example.com,810.546.6959
161,Rachel,Bond,esparzaelizabeth@example.org,001-465-582-7426
162,Lauren,Acosta,vdavis@example.net,(202)562-9522x41236
163,Laura,Hill,williedouglas@example.com,378-904-4365x378
164,Daniel,Rogers,allenroy@example.com,(841)769-8359x801
165,Victoria,Cooper,chanson@example.net,001-671-422-6666x185
166,Cynthia,Decker,charlesturner@example.com,+1-856-935-3850x102
167,Mary,Tate,fross@example.com,937.838.2563x408
168,Savannah,Diaz,wendyacosta@example.org,(976)664-9219x9873
169,Melinda,Stewart,sharonrodriguez@example.com,001-472-802-1758x2423
170,Tyler,Hodge,paulwells@example.com,730-560-6594x792
171,Tiffany,Marshall,thomasjohn@example.org,325.237.8001x89364
172,Marcus,Daniel,bday@example.net,485.961.1535
173,Joan,Lopez,cwilliams@example.net,758.327.3427
174,Kristie,Sanchez,scottmills@example.org,978-742-2489
175,Seth,Hood,michealphillips@example.org,852.674.7391x99567
176,Linda,Hammond,bennettglenn@example.net,490.493.2574x8536
177,Amber,Reyes,dakotahodges@example.org,001-570-210-8620x89354
178,Raymond,Stanley,daviseric@example.net,356-976-7273x69680
179,Tammy,Alexander,ramirezmichael@example.com,408.942.7391x6456
180,Darren,Jones,robertcarroll@example.net,4233363357
181,Gwendolyn,Gutierrez,osbornkyle@example.net,2972939422
182,Christopher,Moore,richardsonsteven@example.net,949-253-3515
183,Christian,Downs,bjohnson@example.net,597-560-9287
184,Nicholas,Gonzalez,rogerhernandez@example.org,+1-961-881-1620x64908
185,Denise,Hill,morrisonnatalie@example.net,(210)746-5095
186,Bruce,Banks,kristinepetersen@example.org,813-682-7805x1884
187,Amanda,Snyder,ashley55@example.com,001-236-546-8857x522
188,Jamie,Harris,maureenalexander@example.org,292.425.9342x103
189,Matthew,Smith,lisabarton@example.com,790-869-7924
190,Julie,Ward,lisawood@example.com,+1-788-600-6277
191,Lisa,Martinez,rebeccabryan@example.org,801.477.5503x8299
192,Brandon,Hoffman,brenda37@example.com,001-328-829-7713
193,Terri,Taylor,tconley@example.net,444.310.6170
194,Mark,Warren,maria27@example.org,718.423.0903
195,Alicia,Jenkins,veronica40@example.org,+1-439-357-6329
196,Melissa,Williams,jeremygarza@example.net,766.835.3504
197,Stephanie,Burns,breweramber@example.com,555.932.9078x20570
198,Donna,Charles,emily45@example.net,(748)431-9992x704
199,Travis,Lynch,larryle@example.net,001-282-243-3778x621
200,Gregory,Morris,ochaney@example.com,(247)676-0185x8337
